{"cameraMode":{"drawMode":0,"name":"Shaded","section":"Shading Mode"},"sceneLighting":true,"audioPlay":false,"sceneViewState":{"showFog":true,"showMaterialUpdate":false,"showSkybox":true,"showFlares":true,"showImageEffects":true,"showParticleSystems":true},"in2DMode":false,"pivot":{"x":0.08379113674163819,"y":1.8213313817977906,"z":-0.8895349502563477},"rotation":{"x":-0.050751231610774997,"y":0.9489697813987732,"z":-0.2316236048936844,"w":-0.2079317420721054},"size":1.5061266422271729,"orthographic":false}