{"cameraMode":{"drawMode":0,"name":"Shaded","section":"Shading Mode"},"sceneLighting":true,"audioPlay":false,"sceneViewState":{"showFog":true,"showMaterialUpdate":false,"showSkybox":false,"showFlares":true,"showImageEffects":true,"showParticleSystems":true},"in2DMode":false,"pivot":{"x":-1.600000023841858,"y":1.0215282440185547,"z":0.8749909996986389},"rotation":{"x":-0.008263839408755303,"y":0.9644864201545715,"z":-0.2622627317905426,"w":-0.030391372740268709},"size":0.9299384951591492,"orthographic":false}