{"cameraMode":{"drawMode":0,"name":"Shaded","section":"Shading Mode"},"sceneLighting":true,"audioPlay":false,"sceneViewState":{"showFog":true,"showMaterialUpdate":false,"showSkybox":true,"showFlares":true,"showImageEffects":true,"showParticleSystems":true},"in2DMode":false,"pivot":{"x":0.35171401500701907,"y":2.36555814743042,"z":-0.45926785469055178},"rotation":{"x":-0.008263839408755303,"y":0.9644864201545715,"z":-0.2622627317905426,"w":-0.030391372740268709},"size":14.593415260314942,"orthographic":false}