{"cameraMode":{"drawMode":0,"name":"Shaded","section":"Shading Mode"},"sceneLighting":true,"audioPlay":false,"sceneViewState":{"showFog":true,"showMaterialUpdate":false,"showSkybox":true,"showFlares":true,"showImageEffects":true,"showParticleSystems":true},"in2DMode":false,"pivot":{"x":-0.015114665031433106,"y":1.105003833770752,"z":-1.7644706964492798},"rotation":{"x":-0.0017235424602404237,"y":-0.9221491813659668,"z":0.38684937357902529,"w":-0.004149919375777245},"size":1.2178797721862794,"orthographic":false}